Имя,Предмет,Оценка
Алексей,Математика,2
Алексей,Математика,4
Алексей,Математика,2
Алексей,Математика,4
Алексей,Математика,3
Алексей,Математика,2
Алексей,Математика,2
Алексей,Математика,3
Алексей,Математика,4
Алексей,Математика,2
Алексей,Математика,5
Алексей,Математика,5
Алексей,Математика,3
Алексей,Математика,2
Алексей,Математика,5
Алексей,Математика,2
Алексей,Математика,3
Алексей,Русский язык,2
Алексей,Русский язык,3
Алексей,Русский язык,5
Алексей,Русский язык,5
Алексей,Русский язык,5
Алексей,Русский язык,2
Алексей,Русский язык,3
Алексей,Русский язык,2
Алексей,Русский язык,5
Алексей,Русский язык,5
Алексей,Русский язык,2
Алексей,Русский язык,3
Алексей,Русский язык,3
Алексей,Русский язык,2
Алексей,Русский язык,2
Алексей,Русский язык,2
Алексей,Русский язык,2
Алексей,Физика,5
Алексей,Физика,4
Алексей,Физика,4
Алексей,Физика,3
Алексей,Физика,4
Алексей,Физика,5
Алексей,Физика,5
Алексей,Физика,4
Алексей,Физика,3
Алексей,Физика,4
Алексей,Физика,4
Алексей,Физика,5
Алексей,Физика,3
Алексей,Физика,3
Алексей,Физика,3
Алексей,Физика,4
Алексей,Физика,5
Алексей,История,5
Алексей,История,2
Алексей,История,4
Алексей,История,3
Алексей,История,2
Алексей,История,4
Алексей,История,2
Алексей,История,4
Алексей,История,4
Алексей,История,3
Алексей,История,4
Алексей,История,3
Алексей,История,3
Алексей,История,4
Алексей,История,2
Алексей,История,2
Алексей,История,3
Алексей,Литература,4
Алексей,Литература,4
Алексей,Литература,5
Алексей,Литература,3
Алексей,Литература,4
Алексей,Литература,4
Алексей,Литература,2
Алексей,Литература,5
Алексей,Литература,3
Алексей,Литература,5
Алексей,Литература,3
Алексей,Литература,5
Алексей,Литература,4
Алексей,Литература,5
Алексей,Литература,4
Алексей,Литература,3
Алексей,Литература,2
Мария,Математика,3
Мария,Математика,5
Мария,Математика,3
Мария,Математика,4
Мария,Математика,2
Мария,Математика,5
Мария,Математика,2
Мария,Математика,4
Мария,Математика,4
Мария,Математика,5
Мария,Математика,2
Мария,Математика,2
Мария,Математика,4
Мария,Математика,2
Мария,Математика,3
Мария,Математика,3
Мария,Математика,2
Мария,Русский язык,4
Мария,Русский язык,3
Мария,Русский язык,2
Мария,Русский язык,3
Мария,Русский язык,5
Мария,Русский язык,3
Мария,Русский язык,5
Мария,Русский язык,3
Мария,Русский язык,2
Мария,Русский язык,5
Мария,Русский язык,4
Мария,Русский язык,3
Мария,Русский язык,4
Мария,Русский язык,4
Мария,Русский язык,3
Мария,Русский язык,4
Мария,Русский язык,4
Мария,Физика,3
Мария,Физика,5
Мария,Физика,3
Мария,Физика,4
Мария,Физика,4
Мария,Физика,5
Мария,Физика,5
Мария,Физика,4
Мария,Физика,2
Мария,Физика,3
Мария,Физика,3
Мария,Физика,3
Мария,Физика,4
Мария,Физика,2
Мария,Физика,5
Мария,Физика,2
Мария,Физика,4
Мария,История,4
Мария,История,3
Мария,История,2
Мария,История,2
Мария,История,5
Мария,История,4
Мария,История,5
Мария,История,3
Мария,История,5
Мария,История,5
Мария,История,4
Мария,История,3
Мария,История,4
Мария,История,4
Мария,История,4
Мария,История,2
Мария,История,2
Мария,Литература,4
Мария,Литература,3
Мария,Литература,4
Мария,Литература,5
Мария,Литература,3
Мария,Литература,4
Мария,Литература,4
Мария,Литература,4
Мария,Литература,3
Мария,Литература,3
Мария,Литература,5
Мария,Литература,2
Мария,Литература,3
Мария,Литература,4
Мария,Литература,2
Мария,Литература,3
Мария,Литература,5
Иван,Математика,5
Иван,Математика,2
Иван,Математика,2
Иван,Математика,3
Иван,Математика,5
Иван,Математика,3
Иван,Математика,3
Иван,Математика,3
Иван,Математика,3
Иван,Математика,3
Иван,Математика,2
Иван,Математика,4
Иван,Математика,2
Иван,Математика,2
Иван,Математика,4
Иван,Математика,2
Иван,Математика,2
Иван,Русский язык,4
Иван,Русский язык,2
Иван,Русский язык,2
Иван,Русский язык,3
Иван,Русский язык,5
Иван,Русский язык,2
Иван,Русский язык,2
Иван,Русский язык,3
Иван,Русский язык,2
Иван,Русский язык,2
Иван,Русский язык,4
Иван,Русский язык,5
Иван,Русский язык,3
Иван,Русский язык,5
Иван,Русский язык,5
Иван,Русский язык,5
Иван,Русский язык,2
Иван,Физика,3
Иван,Физика,4
Иван,Физика,3
Иван,Физика,5
Иван,Физика,5
Иван,Физика,5
Иван,Физика,2
Иван,Физика,2
Иван,Физика,5
Иван,Физика,2
Иван,Физика,4
Иван,Физика,2
Иван,Физика,3
Иван,Физика,4
Иван,Физика,5
Иван,Физика,4
Иван,Физика,2
Иван,История,3
Иван,История,2
Иван,История,4
Иван,История,2
Иван,История,5
Иван,История,2
Иван,История,2
Иван,История,3
Иван,История,4
Иван,История,3
Иван,История,3
Иван,История,3
Иван,История,2
Иван,История,4
Иван,История,5
Иван,История,5
Иван,История,4
Иван,Литература,5
Иван,Литература,4
Иван,Литература,3
Иван,Литература,2
Иван,Литература,3
Иван,Литература,4
Иван,Литература,5
Иван,Литература,4
Иван,Литература,2
Иван,Литература,2
Иван,Литература,2
Иван,Литература,2
Иван,Литература,5
Иван,Литература,5
Иван,Литература,3
Иван,Литература,3
Иван,Литература,5
София,Математика,4
София,Математика,4
София,Математика,5
София,Математика,3
София,Математика,5
София,Математика,3
София,Математика,5
София,Математика,5
София,Математика,3
София,Математика,4
София,Математика,2
София,Математика,5
София,Математика,5
София,Математика,3
София,Математика,2
София,Математика,2
София,Математика,5
София,Русский язык,4
София,Русский язык,4
София,Русский язык,4
София,Русский язык,4
София,Русский язык,3
София,Русский язык,5
София,Русский язык,2
София,Русский язык,2
София,Русский язык,5
София,Русский язык,4
София,Русский язык,3
София,Русский язык,2
София,Русский язык,4
София,Русский язык,3
София,Русский язык,3
София,Русский язык,5
София,Русский язык,4
София,Физика,2
София,Физика,2
София,Физика,3
София,Физика,3
София,Физика,4
София,Физика,2
София,Физика,5
София,Физика,2
София,Физика,2
София,Физика,5
София,Физика,2
София,Физика,4
София,Физика,4
София,Физика,5
София,Физика,2
София,Физика,4
София,Физика,5
София,История,5
София,История,4
София,История,3
София,История,3
София,История,2
София,История,2
София,История,4
София,История,5
София,История,5
София,История,5
София,История,4
София,История,2
София,История,2
София,История,4
София,История,5
София,История,5
София,История,3
София,Литература,3
София,Литература,5
София,Литература,5
София,Литература,5
София,Литература,4
София,Литература,3
София,Литература,2
София,Литература,3
София,Литература,4
София,Литература,3
София,Литература,3
София,Литература,2
София,Литература,3
София,Литература,2
София,Литература,5
София,Литература,2
София,Литература,2
Дмитрий,Математика,4
Дмитрий,Математика,3
Дмитрий,Математика,4
Дмитрий,Математика,5
Дмитрий,Математика,5
Дмитрий,Математика,4
Дмитрий,Математика,5
Дмитрий,Математика,5
Дмитрий,Математика,2
Дмитрий,Математика,3
Дмитрий,Математика,3
Дмитрий,Математика,4
Дмитрий,Математика,2
Дмитрий,Математика,5
Дмитрий,Математика,5
Дмитрий,Математика,5
Дмитрий,Математика,5
Дмитрий,Русский язык,2
Дмитрий,Русский язык,5
Дмитрий,Русский язык,4
Дмитрий,Русский язык,2
Дмитрий,Русский язык,3
Дмитрий,Русский язык,5
Дмитрий,Русский язык,4
Дмитрий,Русский язык,5
Дмитрий,Русский язык,4
Дмитрий,Русский язык,4
Дмитрий,Русский язык,3
Дмитрий,Русский язык,3
Дмитрий,Русский язык,3
Дмитрий,Русский язык,2
Дмитрий,Русский язык,5
Дмитрий,Русский язык,5
Дмитрий,Русский язык,2
Дмитрий,Физика,3
Дмитрий,Физика,5
Дмитрий,Физика,5
Дмитрий,Физика,2
Дмитрий,Физика,4
Дмитрий,Физика,4
Дмитрий,Физика,5
Дмитрий,Физика,5
Дмитрий,Физика,5
Дмитрий,Физика,4
Дмитрий,Физика,3
Дмитрий,Физика,5
Дмитрий,Физика,4
Дмитрий,Физика,3
Дмитрий,Физика,4
Дмитрий,Физика,5
Дмитрий,Физика,2
Дмитрий,История,4
Дмитрий,История,2
Дмитрий,История,2
Дмитрий,История,4
Дмитрий,История,4
Дмитрий,История,4
Дмитрий,История,5
Дмитрий,История,4
Дмитрий,История,2
Дмитрий,История,4
Дмитрий,История,2
Дмитрий,История,4
Дмитрий,История,4
Дмитрий,История,2
Дмитрий,История,2
Дмитрий,История,3
Дмитрий,История,4
Дмитрий,Литература,3
Дмитрий,Литература,4
Дмитрий,Литература,2
Дмитрий,Литература,5
Дмитрий,Литература,3
Дмитрий,Литература,4
Дмитрий,Литература,3
Дмитрий,Литература,2
Дмитрий,Литература,3
Дмитрий,Литература,4
Дмитрий,Литература,5
Дмитрий,Литература,2
Дмитрий,Литература,4
Дмитрий,Литература,3
Дмитрий,Литература,2
Дмитрий,Литература,4
Дмитрий,Литература,5
Анна,Математика,4
Анна,Математика,2
Анна,Математика,5
Анна,Математика,5
Анна,Математика,3
Анна,Математика,3
Анна,Математика,3
Анна,Математика,4
Анна,Математика,3
Анна,Математика,3
Анна,Математика,4
Анна,Математика,3
Анна,Математика,5
Анна,Математика,4
Анна,Математика,4
Анна,Математика,2
Анна,Математика,5
Анна,Русский язык,2
Анна,Русский язык,3
Анна,Русский язык,3
Анна,Русский язык,4
Анна,Русский язык,3
Анна,Русский язык,4
Анна,Русский язык,5
Анна,Русский язык,2
Анна,Русский язык,5
Анна,Русский язык,4
Анна,Русский язык,2
Анна,Русский язык,2
Анна,Русский язык,3
Анна,Русский язык,3
Анна,Русский язык,2
Анна,Русский язык,5
Анна,Русский язык,4
Анна,Физика,2
Анна,Физика,3
Анна,Физика,2
Анна,Физика,5
Анна,Физика,4
Анна,Физика,2
Анна,Физика,4
Анна,Физика,4
Анна,Физика,2
Анна,Физика,5
Анна,Физика,4
Анна,Физика,4
Анна,Физика,4
Анна,Физика,5
Анна,Физика,2
Анна,Физика,3
Анна,Физика,2
Анна,История,4
Анна,История,5
Анна,История,5
Анна,История,5
Анна,История,3
Анна,История,3
Анна,История,3
Анна,История,4
Анна,История,4
Анна,История,2
Анна,История,5
Анна,История,5
Анна,История,4
Анна,История,3
Анна,История,2
Анна,История,3
Анна,История,4
Анна,Литература,2
Анна,Литература,2
Анна,Литература,4
Анна,Литература,5
Анна,Литература,2
Анна,Литература,2
Анна,Литература,3
Анна,Литература,5
Анна,Литература,3
Анна,Литература,4
Анна,Литература,3
Анна,Литература,2
Анна,Литература,5
Анна,Литература,5
Анна,Литература,5
Анна,Литература,2
Анна,Литература,4
Егор,Математика,3
Егор,Математика,5
Егор,Математика,2
Егор,Математика,4
Егор,Математика,2
Егор,Математика,2
Егор,Математика,4
Егор,Математика,2
Егор,Математика,4
Егор,Математика,4
Егор,Математика,4
Егор,Математика,3
Егор,Математика,3
Егор,Математика,5
Егор,Математика,3
Егор,Математика,4
Егор,Математика,4
Егор,Русский язык,4
Егор,Русский язык,4
Егор,Русский язык,3
Егор,Русский язык,4
Егор,Русский язык,5
Егор,Русский язык,4
Егор,Русский язык,2
Егор,Русский язык,3
Егор,Русский язык,5
Егор,Русский язык,5
Егор,Русский язык,2
Егор,Русский язык,2
Егор,Русский язык,4
Егор,Русский язык,5
Егор,Русский язык,5
Егор,Русский язык,5
Егор,Русский язык,2
Егор,Физика,3
Егор,Физика,3
Егор,Физика,4
Егор,Физика,4
Егор,Физика,3
Егор,Физика,5
Егор,Физика,3
Егор,Физика,3
Егор,Физика,5
Егор,Физика,5
Егор,Физика,5
Егор,Физика,3
Егор,Физика,3
Егор,Физика,5
Егор,Физика,3
Егор,Физика,2
Егор,Физика,5
Егор,История,3
Егор,История,5
Егор,История,5
Егор,История,2
Егор,История,4
Егор,История,5
Егор,История,5
Егор,История,5
Егор,История,3
Егор,История,4
Егор,История,3
Егор,История,2
Егор,История,2
Егор,История,2
Егор,История,4
Егор,История,3
Егор,История,2
Егор,Литература,3
Егор,Литература,4
Егор,Литература,2
Егор,Литература,3
Егор,Литература,3
Егор,Литература,4
Егор,Литература,2
Егор,Литература,5
Егор,Литература,5
Егор,Литература,5
Егор,Литература,3
Егор,Литература,4
Егор,Литература,2
Егор,Литература,3
Егор,Литература,3
Егор,Литература,3
Егор,Литература,2
Полина,Математика,4
Полина,Математика,5
Полина,Математика,4
Полина,Математика,5
Полина,Математика,3
Полина,Математика,2
Полина,Математика,5
Полина,Математика,2
Полина,Математика,5
Полина,Математика,3
Полина,Математика,5
Полина,Математика,2
Полина,Математика,4
Полина,Математика,2
Полина,Математика,3
Полина,Математика,3
Полина,Математика,4
Полина,Русский язык,3
Полина,Русский язык,4
Полина,Русский язык,5
Полина,Русский язык,4
Полина,Русский язык,2
Полина,Русский язык,2
Полина,Русский язык,4
Полина,Русский язык,5
Полина,Русский язык,4
Полина,Русский язык,4
Полина,Русский язык,2
Полина,Русский язык,3
Полина,Русский язык,4
Полина,Русский язык,5
Полина,Русский язык,2
Полина,Русский язык,2
Полина,Русский язык,2
Полина,Физика,4
Полина,Физика,2
Полина,Физика,4
Полина,Физика,4
Полина,Физика,2
Полина,Физика,5
Полина,Физика,3
Полина,Физика,2
Полина,Физика,3
Полина,Физика,5
Полина,Физика,2
Полина,Физика,3
Полина,Физика,4
Полина,Физика,3
Полина,Физика,5
Полина,Физика,2
Полина,Физика,5
Полина,История,3
Полина,История,3
Полина,История,4
Полина,История,5
Полина,История,4
Полина,История,4
Полина,История,5
Полина,История,5
Полина,История,4
Полина,История,3
Полина,История,2
Полина,История,2
Полина,История,5
Полина,История,5
Полина,История,2
Полина,История,4
Полина,История,5
Полина,Литература,4
Полина,Литература,2
Полина,Литература,2
Полина,Литература,5
Полина,Литература,4
Полина,Литература,2
Полина,Литература,2
Полина,Литература,3
Полина,Литература,5
Полина,Литература,5
Полина,Литература,5
Полина,Литература,3
Полина,Литература,4
Полина,Литература,3
Полина,Литература,4
Полина,Литература,2
Полина,Литература,3
Кирилл,Математика,4
Кирилл,Математика,3
Кирилл,Математика,3
Кирилл,Математика,4
Кирилл,Математика,4
Кирилл,Математика,4
Кирилл,Математика,3
Кирилл,Математика,4
Кирилл,Математика,4
Кирилл,Математика,2
Кирилл,Математика,3
Кирилл,Математика,5
Кирилл,Математика,4
Кирилл,Математика,4
Кирилл,Математика,2
Кирилл,Математика,5
Кирилл,Математика,4
Кирилл,Русский язык,2
Кирилл,Русский язык,3
Кирилл,Русский язык,3
Кирилл,Русский язык,3
Кирилл,Русский язык,4
Кирилл,Русский язык,4
Кирилл,Русский язык,2
Кирилл,Русский язык,5
Кирилл,Русский язык,5
Кирилл,Русский язык,4
Кирилл,Русский язык,4
Кирилл,Русский язык,2
Кирилл,Русский язык,4
Кирилл,Русский язык,3
Кирилл,Русский язык,2
Кирилл,Русский язык,3
Кирилл,Русский язык,5
Кирилл,Физика,4
Кирилл,Физика,2
Кирилл,Физика,5
Кирилл,Физика,4
Кирилл,Физика,2
Кирилл,Физика,4
Кирилл,Физика,2
Кирилл,Физика,5
Кирилл,Физика,3
Кирилл,Физика,4
Кирилл,Физика,2
Кирилл,Физика,5
Кирилл,Физика,3
Кирилл,Физика,3
Кирилл,Физика,5
Кирилл,Физика,2
Кирилл,Физика,4
Кирилл,История,3
Кирилл,История,5
Кирилл,История,3
Кирилл,История,3
Кирилл,История,5
Кирилл,История,3
Кирилл,История,3
Кирилл,История,5
Кирилл,История,5
Кирилл,История,3
Кирилл,История,5
Кирилл,История,5
Кирилл,История,2
Кирилл,История,5
Кирилл,История,4
Кирилл,История,5
Кирилл,История,4
Кирилл,Литература,2
Кирилл,Литература,5
Кирилл,Литература,3
Кирилл,Литература,5
Кирилл,Литература,2
Кирилл,Литература,5
Кирилл,Литература,4
Кирилл,Литература,4
Кирилл,Литература,3
Кирилл,Литература,5
Кирилл,Литература,4
Кирилл,Литература,4
Кирилл,Литература,3
Кирилл,Литература,2
Кирилл,Литература,4
Кирилл,Литература,5
Кирилл,Литература,5
Екатерина,Математика,5
Екатерина,Математика,5
Екатерина,Математика,3
Екатерина,Математика,5
Екатерина,Математика,4
Екатерина,Математика,3
Екатерина,Математика,2
Екатерина,Математика,2
Екатерина,Математика,3
Екатерина,Математика,5
Екатерина,Математика,2
Екатерина,Математика,4
Екатерина,Математика,4
Екатерина,Математика,3
Екатерина,Математика,2
Екатерина,Математика,3
Екатерина,Математика,4
Екатерина,Русский язык,2
Екатерина,Русский язык,4
Екатерина,Русский язык,2
Екатерина,Русский язык,3
Екатерина,Русский язык,5
Екатерина,Русский язык,2
Екатерина,Русский язык,2
Екатерина,Русский язык,3
Екатерина,Русский язык,2
Екатерина,Русский язык,4
Екатерина,Русский язык,2
Екатерина,Русский язык,4
Екатерина,Русский язык,4
Екатерина,Русский язык,4
Екатерина,Русский язык,5
Екатерина,Русский язык,3
Екатерина,Русский язык,2
Екатерина,Физика,4
Екатерина,Физика,4
Екатерина,Физика,3
Екатерина,Физика,4
Екатерина,Физика,4
Екатерина,Физика,4
Екатерина,Физика,3
Екатерина,Физика,5
Екатерина,Физика,4
Екатерина,Физика,5
Екатерина,Физика,2
Екатерина,Физика,3
Екатерина,Физика,4
Екатерина,Физика,3
Екатерина,Физика,3
Екатерина,Физика,2
Екатерина,Физика,5
Екатерина,История,3
Екатерина,История,2
Екатерина,История,3
Екатерина,История,3
Екатерина,История,5
Екатерина,История,4
Екатерина,История,2
Екатерина,История,2
Екатерина,История,2
Екатерина,История,3
Екатерина,История,2
Екатерина,История,3
Екатерина,История,2
Екатерина,История,5
Екатерина,История,5
Екатерина,История,2
Екатерина,История,5
Екатерина,Литература,2
Екатерина,Литература,3
Екатерина,Литература,2
Екатерина,Литература,5
Екатерина,Литература,4
Екатерина,Литература,2
Екатерина,Литература,2
Екатерина,Литература,4
Екатерина,Литература,3
Екатерина,Литература,2
Екатерина,Литература,3
Екатерина,Литература,3
Екатерина,Литература,2
Екатерина,Литература,4
Екатерина,Литература,4
Екатерина,Литература,5
Екатерина,Литература,3
